timestamp,subject,question,num_chunks,answer
2026-06-28 11:03:14,calculus1,what is calculus,50,"Calculus is a branch of mathematics in which we compute derivatives and integrals. It is important in all branches of mathematics, science, and engineering, and it is critical to analysis in business and health. Differential calculus arose from trying to solve the problem of determining the slope of a line tangent to a curve at a point, and the slope of the tangent line indicates the rate of change of the function, also called the derivative. Integral calculus arose from trying to solve the problem of finding the area of a region between the graph of a function and the x-axis."
2026-06-28 11:04:22,calculus1,What is the domain and range of a function?,38,The domain of a function is the set of all possible inputs. The range of a function is the set of all possible outputs.
2026-06-28 11:04:42,calculus1,what is the domein and rang of a function,50,"Sorry, there is no information based on what I was trained on. I cannot find an answer related to this."
2026-06-28 11:04:52,calculus1,What is the domain and range of a function?,38,"The domain of a function is the set of inputs, and the range of a function is the set of outputs."
2026-06-28 11:05:19,calculus1,How do you find the inverse of a function,50,"To find the inverse function of a one-to-one function $f(x)$, you can follow these steps:  1.  Solve the equation $y = f(x)$ for $x$. 2.  Interchange the variables $x$ and $y$ and write $x = f^{-1}(y)$. This can also be written as $f^{-1}(x)$."
2026-06-28 11:05:38,calculus1,What's the difference between a polynomial and a rational function?,41,"Just as rational numbers are quotients of integers, rational functions are quotients of polynomials. In particular, a rational function is any function of the form $\frac{P(x)}{Q(x)}$, where $P(x)$ and $Q(x)$ are polynomials."
2026-06-28 11:06:29,calculus1,can u tell me how to solve a limit,50,"To solve a limit, we can use a few different strategies depending on the form of the limit.  **1. Direct Substitution:** First, try substituting the value that x approaches directly into the function. If this results in a defined value, that is your limit.  **2. Indeterminate Forms (0/0 or ∞/∞):** If direct substitution results in an indeterminate form like 0/0 or ∞/∞, we need to use alternative methods.  *   **Factoring and Canceling:** For rational functions, try factoring the numerator and denominator to cancel out any common factors that cause the indeterminate form.  *   **Multiplying by a Conjugate:** This technique is often useful when square roots are involved. Multiply the numerator and denominator by the conjugate of the expression.  *   **Simplifying Complex Fractions:** If the function is a complex fraction, simplify it algebraically.  *   **L'Hôpital's Rule:** If the limit is of the form 0/0 or ∞/∞, and other algebraic methods are difficult, you can apply L'Hôpital's rule. This involves taking the derivative of the numerator and the derivative of the denominator separately, and then evaluating the limit of this new quotient.     If     $$ \lim_{x \to a} \frac{f(x)}{g(x)} $$     results in the indeterminate form 0/0 or ∞/∞, and if     $$ \lim_{x \to a} \frac{f'(x)}{g'(x)} $$     exists, then     $$ \lim_{x \to a} \frac{f(x)}{g(x)} = \lim_{x \to a} \frac{f'(x)}{g'(x)} $$  **3. Other Indeterminate Forms (e.g., ∞ * 0, ∞ - ∞, 0^0, 1^∞, ∞^0):** These forms can often be rewritten as a quotient to apply L'Hôpital's rule. For example, an expression of the form $f(x) \cdot g(x)$ where one goes to infinity and the other to zero can be rewritten as $\frac{f(x)}{1/g(x)}$ or $\frac{g(x)}{1/f(x)}$ to potentially achieve the 0/0 or ∞/∞ form.  **4. The Squeeze Theorem:** This theorem is useful for limits that are difficult to evaluate directly, especially those involving trigonometric functions. If you can find two functions that ""squeeze"" your function between them, and if both of those functions have the same limit at the point in question, then your function also has that same limit.  **5. Limits at Infinity:** When considering limits as $x \to \infty$ or $x \to -\infty$, you can often determine the limit by looking at the highest powers of $x$ in the numerator and denominator.  **6. Using a Calculator (for estimation):** For some problems, you can use a calculator to graph the function and estimate the limit. This can be a good starting point to understand the behavior of the function. However, for a definitive answer, algebraic methods are usually required.  It's important to first identify the form of the limit after direct substitution, as this will guide you to the appropriate method."
2026-06-28 11:06:55,calculus1,"""What is the fundamental theorem of calculus",50,The Fundamental Theorem of Calculus is an extremely powerful theorem that establishes the relationship between differentiation and integration. It is central to the entire development of calculus and gives us a way to evaluate definite integrals without using Riemann sums or calculating areas. The theorem is comprised of two parts.
2026-06-28 11:07:37,calculus1,What is the difference between exponential growth and decay?,41,"Exponential growth and exponential decay are two types of models that describe how quantities change over time.  **Exponential Growth:** *   Systems that exhibit exponential growth increase according to the mathematical model:     $P(t) = P_0 e^{kt}$     where:     *   $P(t)$ represents the state of the system at time $t$.     *   $P_0$ represents the initial state of the system.     *   $k$ is a positive constant, called the growth constant. *   In exponential growth, the rate of growth is proportional to the current function value. This means the more of a quantity there is, the faster it grows. *   A key characteristic of exponential growth is a constant **doubling time**, which is the amount of time it takes for the quantity to double.  **Exponential Decay:** *   Systems that exhibit exponential decay follow a model of the form:     $y(t) = y_0 e^{-kt}$     where:     *   $y(t)$ represents the quantity at time $t$.     *   $y_0$ represents the initial quantity.     *   $k$ is a positive constant. *   Exponential decay is often associated with processes like radioactive decay or Newton's law of cooling. *   Similar to doubling time in growth, exponential decay has a **half-life**, which is the amount of time it takes for the quantity to reduce to half of its initial amount."
2026-06-28 11:08:15,statistics,What is the difference between a population and a sample?,46,"A population is the entire collection of persons, things, or objects under study. A sample is a subset of the population that is studied to gain information about the entire population."
2026-06-28 11:08:27,statistics,What is sampling bias?,44,"Sampling bias is created when a sample is collected from a population and some members of the population are not as likely to be chosen as others. This means that not all members of the population are equally likely to be selected. When sampling bias happens, there can be incorrect conclusions drawn about the population that is being studied."
2026-06-28 11:08:38,statistics,"What is the difference between mean, median, and mode",43,"Error generating answer: 429 You exceeded your current quota, please check your plan and billing details. For more information on this error, head to: https://ai.google.dev/gemini-api/docs/rate-limits. To monitor your current usage, head to: https://ai.dev/rate-limit.  * Quota exceeded for metric: generativelanguage.googleapis.com/generate_content_free_tier_requests, limit: 20, model: gemini-2.5-flash-lite Please retry in 20.91994441s. [links {   description: ""Learn more about Gemini API quotas""   url: ""https://ai.google.dev/gemini-api/docs/rate-limits"" } , violations {   quota_metric: ""generativelanguage.googleapis.com/generate_content_free_tier_requests""   quota_id: ""GenerateRequestsPerDayPerProjectPerModel-FreeTier""   quota_dimensions {     key: ""model""     value: ""gemini-2.5-flash-lite""   }   quota_dimensions {     key: ""location""     value: ""global""   }   quota_value: 20 } , retry_delay {   seconds: 20 } ]"
2026-06-28 11:44:55,statistics,what is algebra,50,"Error generating answer: 429 You exceeded your current quota, please check your plan and billing details. For more information on this error, head to: https://ai.google.dev/gemini-api/docs/rate-limits. To monitor your current usage, head to: https://ai.dev/rate-limit.  * Quota exceeded for metric: generativelanguage.googleapis.com/generate_content_free_tier_requests, limit: 20, model: gemini-2.5-flash-lite Please retry in 4.722815012s. [links {   description: ""Learn more about Gemini API quotas""   url: ""https://ai.google.dev/gemini-api/docs/rate-limits"" } , violations {   quota_metric: ""generativelanguage.googleapis.com/generate_content_free_tier_requests""   quota_id: ""GenerateRequestsPerDayPerProjectPerModel-FreeTier""   quota_dimensions {     key: ""model""     value: ""gemini-2.5-flash-lite""   }   quota_dimensions {     key: ""location""     value: ""global""   }   quota_value: 20 } , retry_delay {   seconds: 4 } ]"
2026-06-28 12:13:32,statistics,What is a chi-square goodness of fit test used for,43,"Error generating answer: 400 API key not valid. Please pass a valid API key. [reason: ""API_KEY_INVALID"" domain: ""googleapis.com"" metadata {   key: ""service""   value: ""generativelanguage.googleapis.com"" } , locale: ""en-US"" message: ""API key not valid. Please pass a valid API key."" ]"
2026-06-28 12:16:39,statistics,What is a chi-square goodness of fit test used for,43,"# Chi-Square Goodness-of-Fit Test  A chi-square goodness-of-fit test is used to **decide whether a population with an unknown distribution ""fits"" a known distribution**.  ## Key Applications  The test is typically used to determine if:  - **A data set fits a particular distribution** (such as uniform, normal, or another known distribution) - **The population is uniform** (all outcomes occur with equal frequency) - **The population is normal** - **The population follows the same distribution as another population**  ## How It Works  The test compares **observed values** (your actual data) against **expected values** (the values you would expect if your data followed the assumed distribution).  **The null hypothesis** states that the data come from the assumed distribution. If the observed values and expected values are not close together, the test statistic becomes very large and falls in the right tail of the chi-square curve, suggesting you should reject the null hypothesis.  ## Formula  The test statistic is:   $$\chi^2 = \sum \frac{(O-E)^2}{E}$$  where: - **O** = observed values (data) - **E** = expected values (from theory)"
2026-06-28 12:17:05,statistics,how to calculate mean,50,"# How to Calculate the Mean  The **mean** (also called the **average**) is a number that measures the central tendency of data.  ## Basic Formula  By definition, the mean for a sample (denoted by $\bar{x}$) is:  $$\bar{x} = \frac{\sum x}{n}$$  And the mean for a population (denoted by μ) is:  $$\mu = \frac{\sum x}{N}$$  Where: - $\sum x$ = sum of all data values - $n$ = number of values in the sample - $N$ = number of values in the population  ## Simple Example  To calculate the mean, **add all the values together and divide by how many values there are**.  For example, to find the mean of: 14, 5, 18, 23, 6  $$\bar{x} = \frac{14 + 5 + 18 + 23 + 6}{5} = \frac{66}{5} = 13.2$$  ## For Data with Frequencies  When each value in the data set is not unique, multiply each distinct value by its frequency, then divide by the total number of data values:  $$\bar{x} = \frac{\sum (x \cdot f)}{n}$$  Where f = frequency of each value  ## For Grouped Data  When only grouped data is available, use the midpoint of each interval:  $$\bar{x} = \frac{\sum (f \cdot m)}{n}$$  Where: - $f$ = frequency of the interval - $m$ = midpoint of the interval"
2026-06-28 12:17:55,statistics,"""Explain the multiplication rule in probability",50,"# The Multiplication Rule in Probability  The **multiplication rule** is used to find the probability of two events occurring together. Here's how it works:  ## The Formula  If A and B are two events defined on a sample space, then:  **P(A AND B) = P(B)P(A|B)**  This can also be written as:  **P(A|B) = P(A AND B) / P(B)**  (The probability of A given B equals the probability of A and B divided by the probability of B.)  ## Special Case: Independent Events  If A and B are **independent** events, meaning one event doesn't affect the probability of the other, then:  **P(A|B) = P(A)**  In this case, the multiplication rule simplifies to:  **P(A AND B) = P(A)P(B)**  ## What This Means  The multiplication rule helps you calculate the probability that both event A and event B will occur. The key is understanding whether the events are **independent** (one doesn't affect the other) or **dependent** (one event's occurrence affects the probability of the other).  When events are dependent, you must use the conditional probability P(A|B) in your calculation. When they're independent, you can simply multiply the individual probabilities together."
2026-06-28 12:18:19,statistics,"""When would you use a binomial distribution instead of a Poisson distribution?"",",47,"Based on the context provided, here are the key situations when you would use a **binomial distribution** instead of a **Poisson distribution**:  ## Binomial Distribution is Used When:  1. **You have a fixed number of trials (n)** - The number of repetitions of the experiment is predetermined and fixed.  2. **There are exactly two possible outcomes** - Each trial results in either ""success"" or ""failure"" (with probabilities p and q, where p + q = 1).  3. **Trials are independent** - The result of one trial does not affect the results of other trials, and all trials are conducted under identical conditions.  4. **You're counting the number of successes** - The random variable X represents the number of successes in those n trials, with notation X ~ B(n, p).  ## Poisson Distribution is Used When:  In contrast, use a **Poisson distribution** when you're interested in **the number of events occurring in a fixed interval of time or space** (not a fixed number of trials), when these events happen with a **known average rate** and **independently of the time since the last event**.  ## Key Difference:  The binomial distribution requires a predetermined fixed number of trials with two outcomes per trial. The Poisson distribution counts events in a continuous interval without a fixed number of ""trials.""  **Note:** The Poisson distribution can approximate the binomial when n is large (n ≥ 20) and p is small (p ≤ 0.05)."
2026-06-28 12:18:27,statistics,"""When would you use a binomial distribution instead of a Poisson distribution?"",",47,"Based on the context provided, here are the key differences for when to use each distribution:  **Use a Binomial Distribution when:**  1. There is a **fixed number of trials, n** 2. There are **only two possible outcomes** (""success"" and ""failure"") for each trial 3. The trials are **independent and repeated under identical conditions** 4. You want to find the probability of a specific number of successes in those n trials  The notation is: **X ~ B(n, p)** where n = number of trials and p = probability of success on each trial.  **Use a Poisson Distribution when:**  1. You are interested in the **number of events occurring in a fixed interval of time or space** (not a fixed number of trials) 2. The events occur at a **known average rate** 3. Events are **independent of each other**  The notation is: **X ~ P(μ)** where μ = the mean number of events in the interval.  **Key Distinction:**  The context also notes that the Poisson distribution may be used to **approximate the binomial** when the probability of success is ""small"" (p ≤ 0.05) and the number of trials is ""large"" (n ≥ 20). In this case, μ = np.  In summary: use binomial when you have a fixed number of trials with two outcomes; use Poisson when you're counting events in a time/space interval."
2026-06-28 12:18:50,statistics,"""What is ANOVA used for?""",50,"Based on the context provided, **ANOVA (Analysis of Variance) is used to test whether or not the means of three or more populations are equal.**  More specifically, the purpose of a one-way ANOVA test is **to determine the existence of a statistically significant difference among several group means.**  According to the context, ANOVA is applicable when: - All populations of interest are normally distributed - The populations have equal standard deviations - Samples are randomly and independently selected from each population  The context also notes that **ANOVA is preferable to use when there are more than two groups instead of performing pairwise t-tests because performing multiple tests introduces the likelihood of making a Type 1 error.**  Some practical examples given in the context include: - Determining if the average amount of pollution varies in several bodies of water - Knowing if the amount of income a person earns varies according to upbringing - Comparing the average gas mileage of several car models - Testing the effectiveness of different diet plans, teaching methods, drugs, or fertilizers"
2026-06-28 12:19:12,statistics,What's the difference between between-group and within-group variance,50,"# Difference Between Between-Group and Within-Group Variance  Based on the context, here are the key differences:  ## **Variance Between Samples (MSbetween)**  - **Also called:** Variation due to treatment or explained variation - **What it measures:** The variation among the different sample means - **Formula:** Represents how much the group means differ from each other - **Affected by:** Population differences among the means of the several groups - **Composition:** MSbetween consists of the population variance plus a variance produced from the differences between the samples  ## **Variance Within Samples (MSwithin)**  - **Also called:** Variation due to chance or unexplained variation - **What it measures:** An estimate of σ² that is the average of the sample variances (also known as pooled variance) - **Formula:** MSwithin = s²pooled - **Not affected by:** Differences in group means — since MSwithin compares values of each group to its own group mean, the fact that group means might be different does not affect MSwithin - **Represents:** The population variance  ## **Key Distinction**  The crucial difference is that **MSbetween can be influenced by differences among the group means, while MSwithin is only an estimate of the population variance and is unaffected by whether group means differ from each other.**"
2026-06-28 12:20:19,algebra,What's the difference between an arithmetic and geometric sequence?,50,"# The Difference Between Arithmetic and Geometric Sequences  Based on the definitions in the context, here are the key differences:  ## **Arithmetic Sequence** An arithmetic sequence is a sequence in which each term is the previous term plus a constant. This constant is called the **common difference**.  **Recursive Formula:** $$a_n = a_{n-1} + d$$ where $a_1$ is the first term and $d$ is the common difference.  **Explicit Formula:** $$a_n = a_1 + (n-1)d$$ where $a_1$ is the first term, $n$ is the term you want, and $d$ is the common difference.  **Example:** 30, 40, 50, 60, 70, ... (common difference = 10)  ## **Geometric Sequence** A geometric sequence is a sequence in which each term is a constant times the previous term. The constant is called the **common ratio**.  **Recursive Formula:** $$a_n = r \cdot a_{n-1}$$ where $a_1$ is the first term and $r$ is the common ratio.  **Explicit Formula:** $$a_n = a_1 \cdot r^{n-1}$$ where $a_1$ is the first term, $n$ is the term you want, and $r$ is the common ratio.  **Example:** 1, 2, 4, 8, 16, 32, ... (common ratio = 2)  ## **Summary** - **Arithmetic:** Add a constant to each term - **Geometric:** Multiply each term by a constant"
2026-06-28 12:20:37,algebra,What is the remainder theorem?,50,"# The Remainder Theorem  The **Remainder Theorem** states that if a polynomial function $f(x)$ is divided by $(x - a)$, then the remainder is $f(a)$.  ## How It Works  When you divide a polynomial by a binomial of the form $(x - a)$, instead of performing the entire division process, you can simply evaluate the polynomial function at $x = a$ to find the remainder directly.  ## Example  To find the remainder when $f(x)$ is divided by $(x - a)$: - Evaluate $f(a)$ - The result is the remainder  This provides a quick and efficient way to determine the remainder without doing long division or synthetic division."
2026-06-28 12:20:59,algebra,What does the discriminant tell you about the solutions of a quadratic equation?,44,"Sorry, there is no information based on what I was trained on. I cannot find an answer related to this.  While the context mentions the quadratic formula and includes references to solutions of quadratic equations, it does not contain specific information explaining what the discriminant tells you about the solutions of a quadratic equation."
2026-06-28 12:21:08,algebra,What does the discriminant tell you about the solutions of a quadratic equation?,44,"Sorry, there is no information based on what I was trained on. I cannot find an answer related to this.  While the context mentions the quadratic formula and includes references to the discriminant in error-checking examples (such as ""The discriminant should be ___""), it does not contain an explanation of what the discriminant tells you about the solutions of a quadratic equation."
2026-06-28 12:22:26,algebra,"""How do you complete the square?",50,"# How to Complete the Square  To complete the square, follow these steps:  **Step 1** - Identify $b$, the coefficient of $x$.  **Step 2** - Find half of $b$ and then square it. In other words, calculate $\left(\frac{b}{2}\right)^2$.  **Step 3** - Add the value $\left(\frac{b}{2}\right)^2$ to your expression.  **Step 4** - Factor the perfect square trinomial, writing it as a binomial squared.  ## Example  For an expression like $x^2 + bx$: - Find $\left(\frac{b}{2}\right)^2$ - Add it to the expression to get $x^2 + bx + \left(\frac{b}{2}\right)^2$ - Factor as $\left(x + \frac{b}{2}\right)^2$  This technique allows you to solve quadratic equations by rewriting one side as a perfect square, which you can then solve by finding square roots."
2026-06-28 12:23:05,algebra,"How do you use the vertical line test?""",50,"# How to Use the Vertical Line Test  The vertical line test is a method to determine whether a graph represents a function. Here's how to use it:  ## The Process  1. **Imagine drawing vertical lines** across the graph at various x-values, or actually draw them if needed.  2. **Check how many times each vertical line intersects the graph:**    - If every vertical line intersects the graph in **at most one point**, the graph **passes the vertical line test** and **is a function**.    - If any vertical line intersects the graph in **more than one point**, the graph **does not pass the vertical line test** and **is not a function**.  ## Why It Works  If a vertical line intersects a graph at more than one point, that means a single x-value (input) maps to multiple y-values (outputs). This violates the definition of a function, where each input must have exactly one output.  ## Key Point  According to the context, the graph of a non-vertical line will always be a function—this is called a linear function. However, not all graphs are functions, so the vertical line test helps you identify which ones are."
2026-06-28 12:23:20,algebra,What does the axis of symmetry represent?,50,"Based on the context provided, the axis of symmetry represents:  **A line containing the vertex that cuts the parabola in half to create two symmetrical sides.**  Specifically:  - It is an imaginary line that divides the parabola into two mirror-image halves - It passes through the vertex of the parabola - The equation of the axis of symmetry is the same as the x-coordinate of the vertex  For example, according to the context: - If the vertex is at (h, k), then the axis of symmetry is at x = h - The vertex is the point where the function creates a mirror image, or is symmetrical for all points  This means that any two points on the parabola that are equidistant from the axis of symmetry will have the same y-value, making the axis of symmetry essential for understanding and graphing quadratic functions."
2026-06-28 12:23:40,algebra,What's the difference between an arithmetic and geometric sequence?,50,"# The Difference Between Arithmetic and Geometric Sequences  Based on the definitions in the context:  ## Arithmetic Sequence An **arithmetic sequence** is a sequence in which each term is the previous term plus a constant. This constant is called the **common difference**.  If a₁ is the first term and d is the common difference, the sequence will be: {a₁, a₁ + d, a₁ + 2d, a₁ + 3d, . . .}  **Example:** 30, 40, 50, 60, 70, . . . (common difference = 10)  ## Geometric Sequence A **geometric sequence** is a sequence in which each term is a constant times the previous term. This constant is called the **common ratio**.  If a₁ is the first term and r is the common ratio, the sequence will be: {a₁, a₁r, a₁r², a₁r³, . . .}  **Example:** 1, 2, 4, 8, 16, 32, . . . (common ratio = 2)  ## Key Difference - **Arithmetic sequences** use **addition** (you add the common difference to each term) - **Geometric sequences** use **multiplication** (you multiply each term by the common ratio)  You can identify which type by checking consecutive terms: - For arithmetic: subtract one term from the next to find the common difference - For geometric: divide one term by the previous term to find the common ratio"
2026-06-28 12:24:06,algebra,What is a line of best fit,50,"# What is a Line of Best Fit?  According to the context, **the line of best fit is the line that provides the best fit to the data.**   Here are the key characteristics of a line of best fit:  1. **It follows the trend of the data** - The line should show the general direction and pattern of how the data points are distributed.  2. **It goes through the middle of the data** - The line is positioned so that it runs through the center of the data points rather than being off to one side.  3. **It has a similar number of points on each side** - Ideally, there should be approximately the same number of data points above the line as there are below it.  4. **Points are within a close distance to the line** - The data points should be reasonably close to the line, showing a strong relationship between the variables.  ## Finding a Line of Best Fit  According to the context, you can find a line of best fit in two ways:  - **By hand** - Visually assessing the data and drawing a line that meets the criteria above - **Using technology** - Using tools like Desmos to calculate the equation of the line of best fit  The line of best fit helps you model the relationship between two variables and make predictions about unknown values."
2026-06-28 12:24:48,calculus2,What is a Riemann sum?,50,"# What is a Riemann Sum?  A **Riemann sum** is an estimate of the area under a curve using rectangles. It is defined as follows:  ## Definition  Let f be defined on a closed interval [a,b] and let P be a regular partition of [a,b]. Let Δx be the width of each subinterval and for each i, let x*ᵢ be any point in [xᵢ₋₁, xᵢ]. A Riemann sum is defined for f as:  $$\sum_{i=1}^{n} f(x_i^*) \Delta x$$  where Δx represents the width of each rectangle and f(x*ᵢ) represents the height.  ## How It Works  1. **Divide the interval** [a,b] into n subintervals of equal width 2. **Choose a point** in each subinterval (left endpoint, right endpoint, or any point within) 3. **Construct rectangles** with height f(x*ᵢ) and width Δx 4. **Calculate the sum** of all rectangle areas  ## Key Points  - When f(x) is positive, the product f(x*ᵢ) · Δx represents the area of the rectangle - When f(x) is negative, the product represents the negative of the area - **Riemann sums give better approximations for larger values of n** - Left- and right-endpoint approximations are special types of Riemann sums - Taking the limit of a Riemann sum as n → ∞ gives the definite integral"
2026-06-28 12:25:02,calculus2,How do you calculate work using integration,50,"# Calculating Work Using Integration  Based on the context provided, here's how to calculate work using integration:  ## Definition of Work with Variable Force  If a variable force **F(x)** moves an object in a positive direction along the x-axis from point **a** to point **b**, then the work done on the object is:  $$W = \int_a^b F(x) \, dx$$  ## How It Works  The process involves:  1. **Partition the interval** [a, b] into smaller subintervals 2. **Assume the force is roughly constant** over each small interval 3. **Approximate the work** over each subinterval using: Work ≈ Force × Distance 4. **Sum the work** for all subintervals (this creates a Riemann sum) 5. **Take the limit** as the number of subintervals approaches infinity 6. **Evaluate the resulting integral** to get the exact work  This gives us: $$W = \lim_{n \to \infty} \sum_{i=1}^{n} F(x_i^*) \Delta x = \int_a^b F(x) \, dx$$  ## Common Applications  - **Springs** (using Hooke's law: F = kx) - **Pumping liquids** from one height to another - **Lifting objects** against gravity - **Pulling cables** with variable weight  The key advantage of using integration is that it allows us to handle situations where the force varies along the distance traveled."
2026-06-28 12:25:18,calculus2,What is the purpose of partial fraction decomposition?,50,"# Purpose of Partial Fraction Decomposition  Based on the context provided, partial fraction decomposition serves the following purpose:  **Partial fraction decomposition is a technique used to break down a rational function into a sum of simple rational functions that are easier to integrate.**  Specifically, it allows us to rewrite a complex rational expression into a form that can be integrated using previously learned techniques. For example, we can decompose an expression such as:  $$\frac{3x+5}{x^2-1}$$  into simpler rational expressions like:  $$\frac{A}{x-1} + \frac{B}{x+1}$$  This decomposition makes the integration process much more manageable, as the simpler rational functions can be integrated using basic integration formulas and techniques like u-substitution.  The key to the method is being able to anticipate the correct form of the decomposition based on how the denominator factors, which can include nonrepeated linear factors, repeated linear factors, irreducible quadratic factors, and repeated irreducible quadratic factors."
2026-06-28 12:25:30,calculus2,What's the difference between the disk method and the shell method?,50,"# The Difference Between the Disk Method and the Shell Method  Based on the context provided, here are the key differences:  ## **Direction of Integration**  - **Disk Method**: You integrate along the coordinate axis **parallel to the axis of revolution** - **Shell Method**: You integrate along the coordinate axis **perpendicular to the axis of revolution**  ## **Shape of Slices**  - **Disk Method**: The slices are disks (or washers if there's a cavity) - **Shell Method**: The slices are cylindrical shells  ## **When to Use Each**  The context notes that the shell method is sometimes preferable because:  > ""The ability to choose which variable of integration we want to use can be a significant advantage with more complicated functions.""  The context also provides a specific example where the shell method is preferred:  > ""since the shell method requires only one integral, and the integrand requires less simplification, we should probably go with the shell method in this case.""  ## **Key Consideration**  The context emphasizes:  > ""The geometry of the functions and the difficulty of the integration are the main factors in deciding which integration method to use.""  In some cases, defining a rectangle for the shell method works better, while in others, the disk method may be more appropriate depending on how the region is bounded."
2026-06-28 12:25:50,calculus2,How do you use the net change theorem?,50,"# Using the Net Change Theorem  The Net Change Theorem states that **the new value of a changing quantity equals the initial value plus the integral of the rate of change**.  ## The Formula  The theorem can be expressed as:  **New Value = Initial Value + ∫(rate of change)**  Or equivalently:  **∫[a to b] f'(x)dx = f(b) - f(a)**  ## How to Apply It  To use the net change theorem, follow these steps:  1. **Identify the rate of change** - This is the function you'll integrate (e.g., velocity, growth rate, consumption rate)  2. **Set up the integral** - Integrate the rate of change function over the given time interval  3. **Add to the initial value** - The result of the integral represents the net change, which you add to your initial quantity  ## Common Applications  According to the context, the net change theorem can be applied to: - **Displacement** (from velocity functions) - **Area** - **Distance** - **Volume** - **Population growth** - **Fluid flow and consumption**  ## Key Point  Net change can be a **positive number, negative number, or zero**, and it automatically accounts for direction or sign without requiring separate calculations."
2026-06-28 12:26:02,calculus2,How do you calculate area in polar coordinates?,46,"# Calculating Area in Polar Coordinates  To find the area of a region bounded by a polar curve, use the following formula:  ## Theorem 7.6: Area of a Region Bounded by a Polar Curve  Suppose $r = f(\theta)$ is continuous and nonnegative on the interval $[\alpha, \beta]$ with $0 < \beta - \alpha \leq 2\pi$. The area of the region bounded by the graph of $r = f(\theta)$ between the radial lines $\theta = \alpha$ and $\theta = \beta$ is:  $$A = \int_{\alpha}^{\beta} \frac{1}{2}r^2 \, d\theta \quad \text{(7.9)}$$  ## For Area Between Two Curves  To find the area between two polar curves:  1. **Find the points of intersection** by setting the two functions equal and solving for $\theta$ 2. **Determine which curve is outer and which is inner** over the relevant interval 3. **Subtract the areas**: If $r_2(\theta) \geq r_1(\theta)$ on the interval $[\alpha, \beta]$, then:  $$A = \int_{\alpha}^{\beta} \frac{1}{2}\left[r_2(\theta)^2 - r_1(\theta)^2\right] d\theta$$  This approach allows you to find areas of regions defined by polar equations that may be more complex to describe in rectangular coordinates."
2026-06-28 12:26:20,calculus2,How do you find the derivative of a parametric curve?,50,"# Finding the Derivative of a Parametric Curve  According to **Theorem 7.1**, for a plane curve defined by the parametric equations **x = x(t)** and **y = y(t)**, where **dx/dt** and **dy/dt** exist and **dx/dt ≠ 0**, the derivative is given by:  $$\frac{dy}{dx} = \frac{dy/dt}{dx/dt}$$  This is **Equation 7.1**.  ## How to Apply It  To find the derivative of a parametric curve, follow these steps:  1. **Calculate dx/dt** (the derivative of x with respect to t) 2. **Calculate dy/dt** (the derivative of y with respect to t) 3. **Substitute these into the formula:** $$\frac{dy}{dx} = \frac{dy/dt}{dx/dt}$$  ## Key Points  - The derivative is **undefined when dx/dt = 0** (indicating a vertical tangent line) - The derivative **equals zero when dy/dt = 0** (indicating a horizontal tangent line) - This method allows you to find the slope of a tangent line to a parametric curve at any point without needing to eliminate the parameter  This formula is proven using the Chain Rule by eliminating the parameter to get a function y = f(x), then applying differentiation."
2026-06-28 12:26:31,calculus2,What's the difference between a Taylor series and a Maclaurin series?,45,"Based on the context provided:  A **Taylor series** for a function f at a point a is defined as:  ∞ $$\sum_{n=0}^{\infty} \frac{f^{(n)}(a)}{n!}(x-a)^n$$  A **Maclaurin series** is a special case of a Taylor series where **a = 0**. The Maclaurin series for a function f is:  ∞ $$\sum_{n=0}^{\infty} \frac{f^{(n)}(0)}{n!}x^n$$  In other words: - **Taylor series** are centered at any arbitrary point a - **Maclaurin series** are Taylor series specifically centered at 0  As stated in the context: ""The Taylor series for f at 0 is known as the Maclaurin series for f"" and ""Maclaurin polynomials are Taylor polynomials at a = 0."""
2026-06-28 12:26:48,calculus2,How does Euler's method approximate a solution?,50,"# How Euler's Method Approximates a Solution  Euler's Method is a numerical technique that approximates solutions to an initial-value problem by using the slope of the solution at known points to predict the solution at nearby points.  ## The Basic Approach  Here's how the method works:  1. **Start with an initial condition**: You begin at a known point on the solution curve given by the initial condition.  2. **Use the differential equation to find the slope**: At any point, the slope of the solution is determined by the right-hand side of the differential equation, dy/dx = f(x,y).  3. **Apply linear approximation**: Using the method of linear approximation, you approximate the solution value at a nearby point:     $$y_{n+1} = y_n + f(x_n, y_n) \cdot \Delta x$$     where Δx is the **step size** (a small increment).  4. **Repeat the process**: You recalculate the slope at each new point and continue stepping forward, taking small steps to the right by Δx each time.  ## The Recurrence Formula  Euler's Method uses the formula:  $$(x_{n+1}, y_{n+1}) = (x_n + \Delta x, y_n + f(x_n, y_n) \cdot \Delta x)$$  where n is an integer starting with n = 0.  ## Key Trade-off  - **Smaller step size** (Δx): More calculations needed, but greater accuracy - **Larger step size** (Δx): Fewer calculations needed, but lower accuracy  The result is a series of line segments that approximate the true solution curve."
2026-06-28 12:27:02,calculus2,What is a separable differential equation?,50,"# Separable Differential Equation  A **separable differential equation** is any equation that can be written in the form:  $$\frac{dy}{dt} = f(t)g(y)$$  The term 'separable' refers to the fact that the right-hand side of the equation can be separated into a function of $t$ times a function of $y$.  ## Key Characteristics  - The right-hand side can be expressed as a product of a function depending only on the independent variable and a function depending only on the dependent variable - An **autonomous differential equation** (where the right-hand side is a function of $y$ alone) is a special case of a separable equation - Separable differential equations are common in a wide variety of disciplines, including physics, chemistry, and engineering  ## Solution Method  Separable differential equations can be solved using the **method of separation of variables**, which involves: 1. Checking for constant solutions 2. Rewriting the equation to separate variables 3. Integrating both sides 4. Solving for $y$ if possible 5. Applying any initial conditions if given"
2026-06-28 15:54:06,calculus1,what is a derivative?,50,"# What is a Derivative?  Based on the context, a **derivative** is:  **The slope of the tangent line to a function at a point**, calculated by taking the limit of the difference quotient.  ## Definition  Let f be a function defined in an open interval containing a. The derivative of the function f at a, denoted by f'(a), is defined by:  $$f'(a) = \lim_{h \to 0} \frac{f(a+h) - f(a)}{h}$$ (3.5)  Alternatively, the derivative of f at a can be defined as:  $$f'(a) = \lim_{x \to a} \frac{f(x) - f(a)}{x - a}$$ (3.6)  ## Key Characteristics  - **Rate of Change**: The derivative measures the **instantaneous rate of change** of a function at any point along the function - **Process**: Finding a derivative is called **differentiation** - **Notation**: The derivative can be written as f'(a), dy/dx, or df/dx (Leibniz notation) - **Applications**: Derivatives are used to analyze:   - Velocity and acceleration in physics   - Population growth rates in biology   - Marginal cost and revenue in business   - Many other rates of change across disciplines"
2026-06-28 15:57:35,statistics,explain the difference between mean and median,49,"# The Difference Between Mean and Median  Based on the context provided, here are the key differences:  ## **Definition**  **Mean:** A number that measures the central tendency of the data, calculated by adding all values together and dividing by the number of values. It is also called the ""average.""  **Median:** A number that separates ordered data into halves. Half the values are the same number or smaller than the median, and half the values are the same number or larger. The median is found by ordering the data from smallest to largest and locating the middle value (or the average of the two middle values if there's an even number of data points).  ## **Location Formula**  To find the location of the median, use the expression:  $$\frac{n+1}{2}$$  where n is the total number of data values.  ## **How They're Affected by Outliers**  This is a crucial difference:  - **Mean:** Affected by outliers and extreme values - **Median:** Generally a better measure of the center when there are extreme values or outliers because it is **not affected by the precise numerical values of the outliers**  ## **When to Use Each**  - The **mean** is the most common measure of the center and the best estimate for the actual data set - The **median** is the best measurement when a data set contains several outliers or extreme values  For example, in a town where 49 people earn $30,000 and one person earns $5,000,000, the median ($30,000) better represents the ""center"" than the mean, which would be skewed by that one extreme value."
2026-06-28 16:05:03,statistics,how to calculate mean,50,"# How to Calculate Mean  Based on the context, here are the main methods for calculating the mean:  ## Basic Definition  By definition, the mean for a sample (denoted by $\bar{x}$) is:  $$\bar{x} = \frac{\sum x}{n}$$  And the mean for a population (denoted by μ) is:  $$\mu = \frac{\sum x}{N}$$  Where you add all the data values together and divide by the total number of values.  ## For Data with Repeated Values  When each value in the data set is not unique, the mean can be calculated by **multiplying each distinct value by its frequency** and then dividing the sum by the total number of data values.  ## For Grouped Frequency Tables  When you only have grouped data in a frequency table, you must estimate the mean using:  $$\bar{x} = \frac{\sum fm}{\sum f}$$  Where: - f = the frequency of each interval - m = the midpoint of each interval  ## Using Technology  **In practice, use a calculator or computer software to calculate the mean.** On a TI-83, 83+, or 84+ calculator: - Press STAT → 1:EDIT - Enter data into list L1 - Press STAT → CALC → 1:1-VarStats - Press 2nd 1 for L1, then ENTER"
2026-06-28 16:14:07,calculus1,how to calculate limit,50,"# How to Calculate Limits  Based on the context, here are the main methods for calculating limits:  ## 1. **Table of Functional Values**  Complete a table of functional values by: - Choosing x-values approaching the point **a** from both sides - One set of values less than **a** - One set of values greater than **a** - If both columns approach a common y-value **L**, then the limit equals **L**  ## 2. **Graphical Method**  Use a graphing calculator or software to: - Plot the function **f(x)** - Zoom in on the graph near point **a** - Observe if the y-values approach **L** as x-values approach **a** from both directions - May need to zoom in multiple times  ## 3. **Limit Laws** (Algebraic Method)  Apply standard limit laws when the function can be evaluated directly without indeterminate forms.  ## 4. **Algebraic Manipulation**  For indeterminate forms like **0/0**: - Factor the numerator and denominator - Cancel common factors - Then evaluate using limit laws  ## 5. **L'Hôpital's Rule**  When a limit has the indeterminate form **0/0** or **∞/∞**:  $$\lim_{x \to a} \frac{f(x)}{g(x)} = \lim_{x \to a} \frac{f'(x)}{g'(x)}$$  (provided the derivatives exist and the limit on the right exists)  ## 6. **The Squeeze Theorem**  For limits that are difficult to evaluate directly, ""squeeze"" the function between two functions whose limits you know."
2026-06-28 16:24:43,calculus1,what is limit,50,"# What is a Limit?  Based on the context provided, here's an explanation of limits:  ## Intuitive Definition  A **limit** describes the value that a function approaches as the input approaches some number.   If as the values of x approach the number a, the values of f(x) approach the real number L, then we say that **the limit of f(x) as x approaches a is L**.  Symbolically, this is written as:  $$\lim_{x \to a} f(x) = L$$  For example, as the values of x approach 2, the values of f(x) approach 4, so we write:  $$\lim_{x \to 2} f(x) = 4$$  ## Key Ideas  - A limit describes behavior ""around"" a point, not necessarily at the point itself - The limit is the one real number L that the functional values approach as the x-values approach a - A limit may exist even if the function is not defined at that particular point - Not all functions have limits at all points  ## Formal Definition (Epsilon-Delta)  For every positive distance ε from L, there exists a positive distance δ from a, such that:  $$\text{if } 0 < |x - a| < \delta \text{ then } |f(x) - L| < \varepsilon$$  This formal definition is central to calculus and provides a precise mathematical way to describe limits."
2026-06-28 16:29:39,calculus1,what is a derivative?,50,"# What is a Derivative?  A **derivative** is the slope of the tangent line to a function at a point, calculated by taking the limit of the difference quotient. It measures the **instantaneous rate of change** of a function at any point along the function.  ## Definition  Let $f$ be a function defined in an open interval containing $a$. The derivative of the function $f$ at $a$, denoted by $f'(a)$, is defined by:  $$f'(a) = \lim_{h \to 0} \frac{f(a+h) - f(a)}{h}$$  Alternatively, the derivative of $f$ at $a$ can be defined as:  $$f'(a) = \lim_{x \to a} \frac{f(x) - f(a)}{x - a}$$  provided this limit exists.  ## Key Characteristics  - The derivative represents the **rate of change** of a function at a given point - It can be thought of as the **instantaneous rate of change** of $f$ with respect to $x$ - The process of finding a derivative is called **differentiation** - If a derivative exists at a point, the function is said to be **differentiable** at that point  ## Applications  Derivatives have numerous real-world applications, including: - Analyzing **velocity and acceleration** in physics - Understanding **population growth rates** in biology - Determining **marginal cost and revenue** in business and economics"
2026-06-28 16:31:36,statistics,how to calculate mean,50,"# How to Calculate the Mean  The mean (also called average) is a number that measures the central tendency of data. Here are the main ways to calculate it:  ## Basic Definition  By definition: - **Sample mean** (denoted by $\bar{x}$): $$\bar{x} = \frac{\sum x}{n}$$  - **Population mean** (denoted by μ): $$\mu = \frac{\sum x}{N}$$  where the sum of all data values is divided by the total number of values.  ## When Data Values Repeat  When each value in the data set is not unique, you can multiply each distinct value by its frequency:  $$\text{mean} = \frac{\sum(\text{value} \times \text{frequency})}{\text{total number of data values}}$$  ## For Grouped Frequency Tables  When you only have grouped data and don't know individual values, estimate the mean using the midpoint of each interval:  $$\bar{x} = \frac{\sum(f \cdot m)}{\sum f}$$  where: - $f$ = the frequency of the interval - $m$ = the midpoint of the interval  ## Example  For the data set: 1, 1, 1, 2, 2, 3, 4, 4, 4, 4, 4  $$\bar{x} = \frac{1+1+1+2+2+3+4+4+4+4+4}{11} = \frac{31}{11} \approx 2.82$$  **Note:** In practice, use a calculator or computer software to calculate the mean."
2026-06-28 16:32:24,statistics,compare mean and median,49,"# Comparing Mean and Median  Based on the context provided, here are the key differences between mean and median:  ## Definitions  **Mean:** A number that measures the central tendency of the data, also called the average. For a sample (denoted by $\bar{x}$), the mean is calculated by adding all values together and dividing by the number of values.  **Median:** A number that separates ordered data into halves. Half the values are the same number or smaller than the median, and half the values are the same number or larger. The median may or may not be part of the data.  ## Key Differences  ### Effect of Outliers - **Mean:** Is affected by outliers and extreme values - **Median:** Is not affected by the precise numerical values of outliers  ### When to Use Each  The context states: ""The median is generally a better measure of the center when there are extreme values or outliers because it is not affected by the precise numerical values of the outliers. The mean is the most common measure of the center.""  ### Relationship to Data Distribution  According to the context: - When data is **skewed to the left**, the mean is often less than the median - When data is **skewed to the right**, the mean is often greater than the median - In **symmetric distributions**, the mean and median are approximately equal in value  ### Example  In a town where 49 people earn $30,000 and one person earns $5,000,000: - Mean would be heavily influenced by the outlier ($5,000,000) - Median = $30,000, which better represents the typical earning"
2026-06-28 16:32:42,statistics,what is mean,50,"# What is the Mean?  The **mean** is a number that measures the **central tendency** of data. It is also commonly called the **average**.  ## Definition  The mean is calculated by adding all the values together and dividing by the number of values.  ### For a Sample: The sample mean is denoted by $\bar{x}$ and is calculated as:  $$\bar{x} = \frac{\text{sum of all values}}{\text{number of values}}$$  ### For a Population: The population mean is denoted by $\mu$ (mu) and is calculated as:  $$\mu = \frac{\text{sum of all values}}{\text{number of values}}$$  ## Important Notes  - The terms **""mean""** and **""average""** are often used interchangeably - The technical term is **""arithmetic mean""** - When not all values in a data set are unique, you can calculate the mean by multiplying each distinct value by its frequency and then dividing by the total number of values - The sample mean $\bar{x}$ is used as a **point estimate** for the population mean $\mu$  ## Example  If you scored 86, 75, and 92 on three exams, your mean score would be:  $$\bar{x} = \frac{86 + 75 + 92}{3} = \frac{253}{3} = 84.3$$"
2026-06-28 16:35:34,statistics,what is limit,50,"Sorry, there is no information based on what I was trained on. I cannot find an answer related to this.  The context provided focuses on the Central Limit Theorem, confidence intervals, probability distributions, and related statistical concepts. While the context does mention mathematical limits in some formulas and notation, it does not contain a general definition or explanation of what a ""limit"" is as a mathematical concept.  If you have a specific question about limits in the context of the Central Limit Theorem or the statistical topics covered in this material, I'd be happy to help!"
2026-06-30 11:43:09,calculus1,how to calculate integral,50,"# How to Calculate an Integral  Based on the training material, here are the main approaches to calculating integrals:  ## 1. **Using Basic Integration Formulas**  Apply the fundamental integration formulas directly. For example, using the power rule:  $$\int x^n \, dx = \frac{x^{n+1}}{n+1} + C \quad (n \neq -1)$$  ## 2. **Integration by Substitution**  This is a key technique when the integrand is the result of a chain-rule derivative.  **Steps:** - Let $u$ be a function within the integrand - Find $du$ (the differential) - Rewrite the integral in terms of $u$ - Integrate with respect to $u$ - Substitute back the original expression for $u$  **Example:** For $\int 2x(x^2 + 1)^5 \, dx$, let $u = x^2 + 1$, then $du = 2x \, dx$  ## 3. **For Definite Integrals - Use the Fundamental Theorem of Calculus, Part 2**  If $F(x)$ is an antiderivative of $f(x)$:  $$\int_a^b f(x) \, dx = F(b) - F(a)$$  ## 4. **Integrals of Special Functions**  - **Exponential functions:** $\int e^x \, dx = e^x + C$ - **Logarithmic functions:** $\int \frac{1}{x} \, dx = \ln|x| + C$ - **Inverse trigonometric functions:** Use specialized formulas for integrals resulting in arcsin, arctan, etc.  The specific technique depends on the form of your integrand!"
2026-06-30 11:49:17,calculus1,how to calculate limit,50,"# How to Calculate a Limit  Based on the context, here are the main strategies for calculating limits:  ## 1. **Using Tables of Functional Values**  Create a table with x-values approaching your target value $a$ from both sides, then observe what y-values the function approaches.  ## 2. **Using Graphs**  Plot the function and visually inspect what y-value the function approaches as x gets closer to $a$ from both directions.  ## 3. **Using Limit Laws**  For limits that don't require special techniques, apply algebraic limit laws directly. For example: $$\lim_{x \to a} [f(x) + g(x)] = \lim_{x \to a} f(x) + \lim_{x \to a} g(x)$$  ## 4. **Algebraic Simplification**  When direct substitution produces an indeterminate form like $\frac{0}{0}$:  **Step 1:** Factor the numerator and denominator  **Step 2:** Cancel common factors  **Step 3:** Evaluate using limit laws  ## 5. **The Squeeze Theorem**  Use this when evaluating limits of very basic trigonometric functions by ""squeezing"" a function between two functions with known limits.  ## 6. **L'Hôpital's Rule**  When you have an indeterminate form $\frac{0}{0}$ or $\frac{\infty}{\infty}$, you can evaluate: $$\lim_{x \to a} \frac{f(x)}{g(x)} = \lim_{x \to a} \frac{f'(x)}{g'(x)}$$  provided the derivatives are continuous and the limit on the right exists.  Which method would you like to explore further?"
2026-07-01 17:31:56,algebra,why we need to learn algebra,50,"# Why We Need to Learn Algebra  Based on the context provided, here are the key reasons why learning algebra is important:  ## Real-World Applications  Algebra helps us **model and solve practical problems** in everyday life. For example:  - **Budget management**: Alex's mother uses algebra as an accountant to budget her paycheck by using variables to represent different ways she uses her money (food, rent, medicine, utilities, etc.)  - **Business decisions**: Understanding polynomials helps business owners like those at Plant Shop Chicago plan revenue and costs so they can make a profit.  - **Physics and engineering**: Polynomials are frequently used in calculating physics problems and real-world situations involving projectiles and the motion of objects. Engineers use quadratic equations in their work.  - **Decision-making**: Functions help us decide practical matters, such as which smartphone plan is better and how much we need to earn each week to pay for services we choose.  ## Understanding Constraints and Relationships  Algebra teaches us to: - Use expressions, equations, and inequalities to represent constraints on quantities - Express relationships between two quantities in useful forms - Solve for specific variables, which is helpful for spreadsheets and formulas  By mastering algebra, you gain tools to understand the world around you and make informed decisions in various industries and situations."
2026-07-02 09:43:15,calculus1,What is the derivative of x^2?,50,"# Derivative of $x^2$  Using the **Power Rule**, which states that if $f(x) = x^n$ where $n$ is an integer, then:  $$f'(x) = nx^{n-1}$$  For $f(x) = x^2$, we have $n = 2$, so:  $$\frac{d}{dx}(x^2) = 2x^{2-1} = 2x$$  Therefore, the derivative of $x^2$ is $\boxed{2x}$."
2026-07-02 09:43:36,calculus1,What is integral?,50,"# What is an Integral?  Based on the context provided, an integral is a fundamental concept in calculus that can be understood in two main ways:  ## Definite Integral  A **definite integral** is a primary operation of calculus that represents the area between a curve and the x-axis over a given interval. It is defined as:  $$\int_a^b f(x)\,dx$$  where: - $f(x)$ is called the **integrand** (the function being integrated) - $a$ is the **lower limit of integration** - $b$ is the **upper limit of integration** - $dx$ indicates that $x$ is the **variable of integration**  A definite integral evaluates to a **number** (when the limits are constants) or a **single function** (when one or both limits are variables).  ## Indefinite Integral  An **indefinite integral** is denoted as:  $$\int f(x)\,dx$$  and represents the **most general antiderivative** of a function. Unlike a definite integral, an indefinite integral represents a **family of functions**, all of which differ by a constant.  ## Key Connection  The **Fundamental Theorem of Calculus** establishes the crucial relationship between differentiation and integration, allowing us to evaluate definite integrals by finding antiderivatives rather than calculating areas directly using Riemann sums."
2026-07-02 10:03:59,algebra,What is expression?,50,"Based on the context provided, an **expression** is:  An expression is a combination of letters, numbers, or a mix of letters and numbers that represents a quantity. Expressions do not have an equal sign.  Some key characteristics of expressions from the context:  • Expressions can use variables (letters) to represent unknown quantities • Expressions can change if quantities in a situation change • Expressions can be translated from English phrases using operation symbols  **Example from the context:**  When planning a pizza party, if $p$ represents the number of people and $s$ represents the cost per person, then $p \cdot s$ would be an expression representing the total cost.  **Types of expressions mentioned:**  - **Linear expressions**: such as $x + 4$ - **Quadratic expressions**: expressions with a squared term, where the highest exponent on the variable is 2, such as $x^2 + 3x + 2$  **Note the difference:** An expression is different from an **equation**. An equation is a statement that two expressions have the same value and includes an equal sign ($=$), while an expression stands alone without an equal sign."
2026-07-03 09:55:55,statistics,how to calculate mean,50,"# How to Calculate the Mean  The mean (also called the **average**) is a number that measures the central tendency of data.  ## Basic Definition  By definition: - The mean for a **sample** (denoted by $\bar{x}$) is: $$\bar{x} = \frac{\sum x}{n}$$ - The mean for a **population** (denoted by $\mu$) is: $$\mu = \frac{\sum x}{N}$$  where $\sum x$ is the sum of all data values, and $n$ (or $N$) is the number of data values.  ## Simple Example  To calculate the mean, simply **add all the values together and divide by how many values there are**.  For example, for the numbers: 14, 5, 18, 23, 6 $$\bar{x} = \frac{14 + 5 + 18 + 23 + 6}{5} = \frac{66}{5} = 13.2$$  ## For Grouped Data with Frequencies  When data values repeat or are grouped by frequency, use: $$\bar{x} = \frac{\sum (f \cdot m)}{n}$$  where: - $f$ = frequency of each value or interval - $m$ = the actual value (or midpoint of an interval) - $n$ = total number of data values  ## Using a Calculator  On a TI-83, 83+, 84, or 84+ calculator: 1. Press STAT and select 1:EDIT 2. Enter data into list L1 3. Press STAT, arrow to CALC, and select 1:1-VarStats 4. Press 2nd 1 for L1, then ENTER 5. The calculator will display $\bar{x}$ (the mean)"
2026-07-03 09:56:56,calculus1,compare limit and integral,50,"# Comparing Limits and Integrals  Based on the context provided, here are the key differences and relationships between limits and integrals:  ## Fundamental Relationship  The context emphasizes that **limits are foundational to integrals**. Specifically, the definite integral is defined using a limit of a sum:  $$\int_a^b f(x)\,dx = \lim_{n \to \infty} \sum_{i=1}^{n} f(x_i^*) \Delta x$$  ## Key Differences  **Limits:** - Describe the value that a function approaches as the input approaches some value - Example: $\lim_{x \to a} f(x) = L$ means as $x$ gets closer to $a$, $f(x)$ gets closer to $L$  **Integrals:** - A **definite integral** produces a **number** (when limits of integration are constants) or a **single function** (when limits are variables) - An **indefinite integral** represents a **family of functions** that differ by a constant $C$ - Integrals are used to find areas under curves and antiderivatives  ## The Connection  The context states that integrals are calculated by **finding a limit**. As you divide an interval into smaller rectangles and sum their areas, taking the limit of these rectangular approximations as $n \to \infty$ gives you the definite integral.  The **Fundamental Theorem of Calculus** establishes the central relationship between these concepts: differentiation and integration are inverse operations."
2026-07-03 09:57:44,calculus1,what is h20,50,"Sorry, there is no information based on what I was trained on. I cannot find an answer related to this.  The context provided contains mathematical content from a calculus textbook, but it does not include any information about ""h20"" or its definition."
2026-07-03 10:08:58,calculus1,what is limit,50,"# What is a Limit?  A **limit** is a fundamental concept in calculus that describes the value that a function approaches as the input approaches some value.  ## Informal Definition  Let $f(x)$ be a function defined at all values in an open interval containing $a$, with the possible exception of $a$ itself, and let $L$ be a real number. If all values of the function $f(x)$ approach the real number $L$ as the values of $x$ approach the number $a$, then we say that the limit of $f(x)$ as $x$ approaches $a$ is $L$.   Symbolically, we express this idea as:  $$\lim_{x \to a} f(x) = L$$  Or more succintly: as $x$ gets closer to $a$, $f(x)$ gets closer and stays close to $L$.  ## Key Idea  The important thing to understand is that we're interested in what value the function **approaches**, not necessarily the value the function actually takes at that point. The function may not even be defined at $a$ itself, but we can still study what happens as we get arbitrarily close to $a$.  ## Example  For instance, as the values of $x$ approach $2$, the values of $f(x)$ approach $4$. We would write this as:  $$\lim_{x \to 2} f(x) = 4$$  This concept is central to all of calculus and helps us understand the behavior of functions."
2026-07-09 11:49:01,calculus1,what is limit,50,"# What is a Limit?  A **limit** describes the value that a function approaches as the input approaches some value.  ## Intuitive Definition  Let $f(x)$ be a function defined at all values in an open interval containing $a$, with the possible exception of $a$ itself, and let $L$ be a real number. If all values of the function $f(x)$ approach the real number $L$ as the values of $x$ approach the number $a$, then we say that the limit of $f(x)$ as $x$ approaches $a$ is $L$.  Symbolically, we express this as: $$\lim_{x \to a} f(x) = L$$  In other words: as $x$ gets closer to $a$, $f(x)$ gets closer and stays close to $L$.  ## Key Idea  The limit describes what happens to function values as we approach a point, even if the function is not actually defined at that point. We're interested in the **behavior near** $a$, not necessarily at $a$ itself.  ## Example  For the function $f(x) = x^2$, as the values of $x$ approach $2$ from either side, the values of $f(x)$ approach $4$. We say: $$\lim_{x \to 2} x^2 = 4$$  This concept is central to all of calculus and forms the foundation for understanding derivatives, integrals, and continuity."
2026-07-09 13:33:33,calculus1,how to calculate limit,50,"# How to Calculate Limits  Based on the context, here are the main methods for calculating limits:  ## 1. **Using Tables of Functional Values**  Complete a table with x-values approaching your target value $a$ from both sides. If the functional values approach a common y-value $L$ from both directions, then:  $$\lim_{x \to a} f(x) = L$$  ## 2. **Using Graphs**  Plot the function and observe the y-values as x approaches $a$ from both sides. If the y-values approach $L$, then the limit equals $L$.  ## 3. **Using Limit Laws**  Apply algebraic rules to evaluate limits directly, such as: - Factoring and canceling common terms - Direct substitution (when the function is continuous)  ## 4. **Using the Squeeze Theorem**  For limits that are difficult to evaluate directly, you can ""squeeze"" a function between two other functions with known limits.  ## 5. **Using L'Hôpital's Rule**  When you have an indeterminate form like $\frac{0}{0}$ or $\frac{\infty}{\infty}$, you can evaluate:  $$\lim_{x \to a} \frac{f(x)}{g(x)} = \lim_{x \to a} \frac{f'(x)}{g'(x)}$$  provided the limit on the right exists.  ## 6. **Algebraic Simplification**  - Multiply by a conjugate - Rewrite expressions in alternate forms - Factor polynomials  Which method would you like to explore further?"
2026-07-20 13:18:23,calculus1,what is limit,50,"# What is a Limit?  A **limit** is a fundamental concept in calculus that describes the value that a function approaches as the input approaches some value.  ## Intuitive Definition  Let $f(x)$ be a function defined at all values in an open interval containing $a$, with the possible exception of $a$ itself, and let $L$ be a real number. If all values of the function $f(x)$ approach the real number $L$ as the values of $x$ approach the number $a$, then we say that the **limit of $f(x)$ as $x$ approaches $a$ is $L$**.  Symbolically, this is expressed as:  $$\lim_{x \to a} f(x) = L$$  In simpler terms: as $x$ gets closer to $a$, $f(x)$ gets closer and stays close to $L$.  ## Understanding Closeness  - The statement $|f(x) - L| < \epsilon$ means: The distance between $f(x)$ and $L$ is less than $\epsilon$. - The statement $|x - a| < \delta$ means: The distance between $x$ and $a$ is less than $\delta$.  ## Example  For example, as the values of $x$ approach $2$ from either side of $2$, the values of $f(x)$ approach $4$. We say that the limit of $f(x)$ as $x$ approaches $2$ is $4$, and write:  $$\lim_{x \to 2} f(x) = 4$$  **The limit is central to all of calculus** and can be estimated by constructing tables of functional values or by examining the graph of a function."
2026-07-20 13:20:13,calculus1,what is limit,50,"# What is a Limit?  A **limit** is a fundamental concept in calculus that describes the value that a function approaches as the input approaches some value.  ## Informal Definition  Let $f(x)$ be a function defined at all values in an open interval containing $a$, with the possible exception of $a$ itself, and let $L$ be a real number. If all values of the function $f(x)$ approach the real number $L$ as the values of $x$ approach the number $a$, then we say that the limit of $f(x)$ as $x$ approaches $a$ is $L$.   Symbolically, we express this as:  $$\lim_{x \to a} f(x) = L$$  ## Intuitive Understanding  More succinctly: **as $x$ gets closer to $a$, $f(x)$ gets closer and stays close to $L$.**  ## Key Points  - The limit describes the behavior of a function **near** a point, not necessarily **at** the point - A limit may exist even if the function is not defined at that point - The limit represents what value the function is approaching, provided such a value exists - Understanding limits is essential because the limit is **central to all of calculus**"
2026-07-20 13:39:48,calculus1,what is the differnt between limit and integral,50,"# The Difference Between Limits and Integrals  Based on the context provided, here are the key differences:  ## **Limits**  A limit describes the value that a function approaches as the input approaches some value. Symbolically, we write:  $$\lim_{x \to a} f(x) = L$$  This means as $x$ gets closer to $a$, the function $f(x)$ gets closer and stays close to $L$.  ## **Integrals**  Integrals are used to find antiderivatives and to calculate areas under curves. There are two main types:  **Indefinite Integrals** represent a family of functions: $$\int f(x) \, dx$$  **Definite Integrals** represent a number (or a single function if limits are variables): $$\int_a^b f(x) \, dx$$  ## **Key Conceptual Difference**  - **Limits** are about understanding what value a function *approaches* - **Integrals** are about finding *antiderivatives* and calculating *areas under curves*  ## **Important Connection**  The context notes that limits are foundational to integrals. The definite integral itself is defined using a limit—specifically, the limit of a sum (Riemann sums) as the number of rectangles approaches infinity. Additionally, the **Fundamental Theorem of Calculus** establishes the central relationship between differentiation (which involves limits) and integration."
2026-07-20 15:12:27,calculus1,what is limit,50,"# What is a Limit?  Based on the context provided, here's an explanation of limits:  ## Intuitive Definition  A **limit** describes the value that a function approaches as the input approaches some number.   More specifically: if as the values of $x$ approach the number $a$, the values of $f(x)$ approach the real number $L$, then we say that **the limit of $f(x)$ as $x$ approaches $a$ is $L$**.  Symbolically, we write this as: $$\lim_{x \to a} f(x) = L$$  This means that as $x$ gets closer to $a$, $f(x)$ gets closer and stays close to $L$.  ## Formal Definition (Epsilon-Delta)  More precisely, let $f(x)$ be a function defined at all values in an open interval containing $a$ (with the possible exception of $a$ itself), and let $L$ be a real number. Then:  $$\lim_{x \to a} f(x) = L$$  if for every $\varepsilon > 0$ there exists a $\delta > 0$ such that:  $$\text{if } 0 < |x - a| < \delta \text{ then } |f(x) - L| < \varepsilon$$  This formal definition captures the idea that we can make $f(x)$ arbitrarily close to $L$ by choosing $x$ sufficiently close to $a$."
2026-07-21 01:02:14,calculus1,solve,solve 1+1,0,"# Solving 1+1  Let me work through this simple addition problem step-by-step.  ## Step 1: Identify what we're adding We need to add two numbers together: $$1 + 1$$  ## Step 2: Perform the addition When we combine 1 unit with another 1 unit, we get: $$1 + 1 = 2$$  ## Final Answer $$\boxed{2}$$  ---  This is a fundamental addition fact! When you have one object and add one more object, you end up with two objects total."
2026-07-21 01:03:14,calculus1,theory,hi,50,"Hello! 👋 Welcome! I'm your math tutor, and I'm here to help you master mathematics!  Whether you're preparing for international university study, working through calculus problems, or strengthening your math skills in any area, feel free to ask me questions. I'm ready to help explain concepts, work through problems, and guide you toward understanding.  What math topic would you like to explore today? I'm equipped to help with areas like: - Derivatives and differentiation - Inverse functions - Implicit differentiation - Related rates - Volumes and integration - And much more!  What can I help you with? 😊"
2026-07-21 01:03:26,calculus1,solve,what is 2+2,0,"# Let's solve this step-by-step!  ## Problem Find the value of $2 + 2$  ## Solution  This is a basic addition problem. We're adding two quantities together:  $$2 + 2$$  When we combine 2 units with another 2 units, we get:  $$2 + 2 = 4$$  ## Final Answer  $$\boxed{4}$$"
2026-07-21 01:04:36,calculus1,solve,solve lim 𝑥→2  ⁡(8−3⁢𝑥+12⁢𝑥2) ,0,"# Finding the Limit  I need to find: $$\lim_{x \to 2} (8 - 3x + 12x^2)$$  ## Solution  **Step 1: Identify the function type**  The function $f(x) = 8 - 3x + 12x^2$ is a polynomial (a quadratic function).  **Step 2: Apply the limit property for polynomials**  Since polynomials are continuous everywhere, we can evaluate the limit by direct substitution. That is: $$\lim_{x \to a} p(x) = p(a)$$  for any polynomial $p(x)$ and any real number $a$.  **Step 3: Substitute $x = 2$ into the function**  $$\lim_{x \to 2} (8 - 3x + 12x^2) = 8 - 3(2) + 12(2)^2$$  **Step 4: Calculate step by step**  - First term: $8$ - Second term: $-3(2) = -6$ - Third term: $12(2)^2 = 12(4) = 48$  **Step 5: Combine all terms**  $$8 - 6 + 48 = 50$$  ## Final Answer  $$\boxed{50}$$"
2026-07-21 01:18:53,statistics,what is statistic,50,"# What is a Statistic?  Based on the context provided, here is the definition of a statistic:  **A statistic is a numerical characteristic of a sample; a statistic estimates the corresponding population parameter.**  More specifically, a statistic is a number calculated from a sample. Examples of statistics include:  - The mean (average) - The median - The mode - Other numerical measures  ## Key Points about Statistics:  1. **Estimation**: The sample mean $\bar{x}$ is an example of a statistic which estimates the population mean $\mu$.  2. **Purpose**: One of the main concerns in statistics is how accurately a statistic estimates a parameter. The statistic is used to make inferences about the larger population from which the sample was drawn.  3. **Examples**:    - If you consider one math class as a sample of the population of all math classes, then the average number of points earned by students in that one math class is an example of a statistic.    - If a survey finds that 82 out of 100 library patrons borrowed books, then 82% (or the proportion 0.82) is a statistic.  In contrast, a **parameter** is a numerical characteristic of the entire population, while a **statistic** describes only the sample."
2026-07-21 01:19:05,statistics,how to calculate mean,50,"# How to Calculate Mean  The mean (also called average) is a number that measures the central tendency of data.  ## Basic Definition  By definition: - **Sample mean** (denoted by $\bar{x}$): $$\bar{x} = \frac{\sum x}{n}$$  - **Population mean** (denoted by $\mu$): $$\mu = \frac{\sum x}{N}$$  where $\sum x$ is the sum of all data values and $n$ (or $N$) is the number of data values.  ## Steps to Calculate the Mean  1. **Add all the data values together** (find $\sum x$) 2. **Count the total number of values** (find $n$) 3. **Divide the sum by the count**  ## Example  For the data: 14, 5, 18, 23, 6  $$\bar{x} = \frac{14 + 5 + 18 + 23 + 6}{5} = \frac{66}{5} = 13.2$$  ## For Data with Frequencies  When each value in the data set is not unique, you can multiply each distinct value by its frequency:  $$\text{mean} = \frac{\sum(\text{value} \times \text{frequency})}{\text{total number of values}}$$  ## For Grouped Data  When you only have grouped data in a frequency table, estimate the mean using:  $$\bar{x} = \frac{\sum(f \cdot m)}{\sum f}$$  where $f$ = frequency of each interval and $m$ = midpoint of each interval"
2026-07-21 01:23:36,calculus1,what is limit,50,"# What is a Limit?  A **limit** is a fundamental concept in calculus that describes the value that a function approaches as the input approaches some value.  ## Intuitive Definition  Let $f(x)$ be a function defined at all values in an open interval containing $a$, with the possible exception of $a$ itself, and let $L$ be a real number. If all values of the function $f(x)$ approach the real number $L$ as the values of $x$ approach the number $a$, then we say that the limit of $f(x)$ as $x$ approaches $a$ is $L$.   Symbolically, we express this as:  $$\lim_{x \to a} f(x) = L$$  ## Key Idea  As $x$ gets closer to $a$, $f(x)$ gets closer and stays close to $L$. This happens even if $f(x)$ never actually equals $L$, or if the function is not even defined at $x = a$.  ## Example  For instance, as the values of $x$ approach 2 from either side, the values of $f(x)$ approach 4. We say that the limit of $f(x)$ as $x$ approaches 2 is 4, written as:  $$\lim_{x \to 2} f(x) = 4$$  Limits are central to all of calculus and help us understand how functions behave around specific points and at infinity."
2026-07-21 01:23:56,calculus1,what is mean,50,"# Mean Value Theorem for Integrals  Based on the context provided, here are the key definitions of ""mean"" in calculus:  ## Average Value of a Function  The **average value of a function** (or $f_{\text{ave}}$) on an interval $[a,b]$ is given by:  $$f_{\text{ave}} = \frac{1}{b-a}\int_a^b f(x)\,dx$$  This represents the average value that a continuous function takes over a given interval.  ## Mean Value Theorem for Integrals  The **Mean Value Theorem for Integrals** states that a continuous function on a closed interval takes on its average value at some point in that interval. Mathematically, if $f$ is continuous on $[a,b]$, then there exists a point $c$ in the interval $[a,b]$ such that:  $$f(c) = f_{\text{ave}} = \frac{1}{b-a}\int_a^b f(x)\,dx$$  This theorem guarantees that the function value at point $c$ equals the average value of $f$ over the interval $[a,b]$.  The context also mentions that to find the average of a set of discrete numbers, you add all values and divide by how many values you have—a concept that extends to continuous functions through integration."
2026-07-21 01:25:54,calculus1,what is limit,50,"# What is a Limit?  Based on the context provided, here's an explanation of limits:  ## Intuitive Definition  A **limit** describes the value that a function approaches as the input approaches some number.   If as the values of $x$ approach the number $a$, the values of $f(x)$ approach the real number $L$, then we say that the limit of $f(x)$ as $x$ approaches $a$ is $L$.  Symbolically, this is expressed as:  $$\lim_{x \to a} f(x) = L$$  ## Formal Definition (Epsilon-Delta)  Let $f(x)$ be a function defined at all values in an open interval containing $a$, with the possible exception of $a$ itself, and let $L$ be a real number. We say:  $$\lim_{x \to a} f(x) = L$$  **if** for every $\varepsilon > 0$, there exists a $\delta > 0$ such that if $0 < |x - a| < \delta$, then $|f(x) - L| < \varepsilon$.  ## Key Interpretation  - The statement $|f(x) - L| < \varepsilon$ means: the distance between $f(x)$ and $L$ is less than $\varepsilon$ - The statement $0 < |x - a| < \delta$ means: $x$ is closer than $\delta$ to $a$ (but $x \neq a$)  In essence, **a limit is central to all of calculus** and describes how a function behaves near a particular point."
2026-07-21 01:28:46,calculus1,what is limit,50,"# What is a Limit?  Based on the context provided, here's an explanation of limits:  ## Intuitive Definition  A **limit** describes the value that a function approaches as the input approaches some number.   If as the values of $x$ approach the number $a$, the values of $f(x)$ approach the real number $L$, then we say that the limit of $f(x)$ as $x$ approaches $a$ is $L$. Symbolically, we write:  $$\lim_{x \to a} f(x) = L$$  In other words, as $x$ gets closer to $a$, $f(x)$ gets closer and stays close to $L$.  ## Formal Definition (Epsilon-Delta Definition)  Let $f(x)$ be a function defined at all values in an open interval containing $a$, with the possible exception of $a$ itself, and let $L$ be a real number.   $$\lim_{x \to a} f(x) = L$$  if for every $\varepsilon > 0$, there exists a $\delta > 0$ such that if $0 < |x - a| < \delta$, then $|f(x) - L| < \varepsilon$.  ## Key Interpretations  - The statement $|f(x) - L| < \varepsilon$ means: the distance between $f(x)$ and $L$ is less than $\varepsilon$ - The statement $0 < |x - a| < \delta$ means: $x$ is closer than $\delta$ to $a$ (but not equal to $a$)  The concept of a limit is central to all of calculus."
2026-07-21 11:26:37,calculus1,hi,50,"Hello! 👋 Welcome! I'm your friendly math tutor, and I'm here to help you master mathematics!  Whether you're preparing for international university study, working through calculus concepts, or strengthening your math skills in general, I'm ready to assist you.  Based on the materials I have available, I can help you with topics including:  - **Derivatives** (including inverse functions, implicit differentiation, and related rates) - **Volumes of revolution** - **Inverse functions and the Inverse Function Theorem** - **Applications of calculus** (optimization, related rates problems, etc.)  What math topic would you like help with today? Feel free to ask me any questions, and I'll do my best to explain concepts clearly using proper mathematical notation! 📐"
2026-07-21 11:26:45,calculus1,cna u tell wjat is limit,50,"# What is a Limit?  Based on the context I was trained on, here's what a limit is:  A **limit** describes the value that a function approaches as the input approaches some value.   ## Key Ideas About Limits:  **Basic Concept:** For a function $f(x)$, we say the limit of $f(x)$ as $x$ approaches some value $a$ equals $L$ if the function gets arbitrarily close to $L$ as $x$ gets close to $a$.  **Notation:** We write this as: $$\lim_{x \to a} f(x) = L$$  ## The Precise Definition:  The limit $\lim_{x \to a} f(x) = L$ exists if:  For every $\varepsilon > 0$, there exists a $\delta > 0$ such that whenever $0 < |x - a| < \delta$, we have $|f(x) - L| < \varepsilon$.  In simpler terms: we can make $f(x)$ as close as we want to $L$ by choosing $x$ sufficiently close to $a$.  ## Why Limits Matter:  Limits are foundational to calculus because they help us: - Find the slopes of curves (derivatives) - Calculate areas under curves (integrals) - Understand how functions behave  Would you like me to explain any specific type of limit or show you how to evaluate limits using particular techniques?"
2026-07-21 11:26:57,calculus1,,50,"Sorry, there is no information based on what I was trained on. I cannot find an answer related to this.  You've asked me to answer a question, but no specific question was provided. The context you've shared appears to be excerpts from a calculus textbook (OpenStax Calculus Volume 1), but without a specific question to answer, I'm unable to help.  Please feel free to ask me a specific math question, and I'll be happy to help you based on the information available in the provided context!"
2026-07-21 11:30:43,calculus1,hi,50,"Hello! 👋 Welcome! I'm your math tutor, and I'm here to help you master mathematics.  I can assist you with a wide range of topics including:  - **Derivatives** (including inverse functions and implicit differentiation) - **Related rates problems** - **Inverse functions** and the inverse function theorem - **Volumes of revolution** - **Optimization problems** - And many other calculus topics  Feel free to ask me any math questions you have! Whether you're preparing for university study, working through problem sets, or just want to strengthen your math skills, I'm happy to help explain concepts and work through problems with you.  What would you like to learn about today? 😊"
2026-07-21 11:31:30,calculus1,can u do k,50,"Sorry, there is no information based on what I was trained on. I cannot find an answer related to this.  Your question ""can u do k"" is too vague for me to help with. Could you please provide more context? For example:  - Are you asking about a specific problem number from the answer key? - Do you need help with a particular mathematical concept (like finding the value of $k$ in a continuity problem, or solving for a constant in an equation)? - Is there a specific exercise or example you're working through?  Please share the complete problem, and I'll be happy to help! 😊"
2026-07-21 12:18:24,calculus1,"To define the composition (f ∘ g)(x), what must be true about the range of g?   It must be equal to the domain of f.  It must be a subset of the domain of f.  It must contain only positive values.  It must be identical to the range of f",39,"Based on the context provided, the correct answer is: **It must be a subset of the domain of f.**  Here is the relevant passage from the context:  ""If $g$ is a subset of $\mathbb{R}$, then the composite function $(f \circ g)$ is the function with domain...""  And more explicitly:  ""A composite function $(f \circ g)$ can be viewed in two steps. First, the function $g$ maps each input $x$ in the domain of $g$ to its output $g(x)$ in the range of $g$. Second, since the range of $g$ is a subset of the domain of $f$, the output $g(x)$ is an element in the domain of $f$, and therefore it is mapped to an output $f(g(x))$ in the range of $f$.""  This requirement ensures that when you apply $g$ first to get $g(x)$, that output can then be used as a valid input to $f$. The range of $g$ does not need to equal the domain of $f$—it only needs to be a subset of it, meaning every output from $g$ must be an acceptable input for $f$."
2026-07-21 12:18:50,calculus1, A function that cannot be expressed by a combination of basic arithmetic operations is called:   Algebraic  Polynomial  Transcendental  Piecewise,48,"Based on the context provided, a function that cannot be expressed by a combination of basic arithmetic operations is called a **Transcendental** function.  The context states:  > ""Functions that involve the basic operations of addition, subtraction, multiplication, division, and powers are algebraic functions. All other functions are transcendental. Trigonometric, exponential, and logarithmic functions are examples of transcendental functions.""  Additionally, the context defines:  > ""algebraic function — a function involving any combination of only the basic operations of addition, subtraction, multiplication, division, powers, and roots applied to an input variable""  Since transcendental functions are explicitly defined as ""all other functions"" that are **not** algebraic (i.e., not expressed through basic arithmetic operations), the answer is **Transcendental**."
2026-07-21 12:19:03,calculus1,Which test is used to determine if a graph represents a function?   Horizontal line test  Symmetry test  Zeros test  Vertical line test,48,"Based on the context provided, the correct answer is the **Vertical line test**.  According to the material:  > ""The vertical line test determines whether a graph is the graph of a function.""  And more specifically:  > ""When sketching the graph of a function $f$, each vertical line may intersect the graph, at most, once.""  The **vertical line test** is used to determine whether a graph represents a function. If any vertical line intersects the graph more than once, then the graph does not represent a function.  (Note: The horizontal line test, which is also mentioned in the context, is used for a different purpose—it determines whether a function is one-to-one, not whether a graph represents a function.)"
2026-07-21 12:19:25,calculus1,"he natural domain of the square root function f(x) = √x is:   All real numbers  (-∞, 0]  [0, ∞)  (0, ∞) 9 Which of the following is an example of an odd function?   f(x) = x²  f(x) = |x|  f(x) = x³  f(x) = eˣ 10 A function defined by different formulas on different parts of its domain is a:   Composite function  Rational function  Piecewise-defined function  Linear function 11 The slope of a linear function represents:   The y-intercept  The change in y for each unit change in x  The zero of the function  The total area under the line 12 If f(x) is one-to-one, what test does its graph pass?   Vertical line test  Horizontal line test  Origin symmetry test  Power rule test 13 In the expression bˣ, the number b is called the:   Exponent  Argument  Base  Power 14 The domain of a rational function f(x) = P(x)/Q(x) is all x such that:   P(x) ≠ 0  Q(x) ≠ 0  x > 0  Q(x) = 0 15 For a polynomial function of degree n, what determines the end behavior as x → ∞?   The constant term  The sum of all coefficients  The leading coefficient and whether n is even or odd  The number of zeros 16 If a function f is periodic with period P, then f(x + P) is equal to:   f(x)  f(x) + P  P × f(x)  f(x) / P 17 Which of the following is true for the function f(x) = x^(1/n) when n is even?   The domain is all real numbers.  The function is odd.  The domain is [0, ∞).  The graph is symmetric about the origin.",46,"Based on the context provided, I can answer the following questions:  **Question 1: The natural domain of the square root function f(x) = √x is:**  The answer is **[0, ∞)**  From the context: ""gives a real output only if $x$ is nonnegative. Therefore, the domain of the function $f(x) = \sqrt{x}$ is the set of nonnegative real numbers, sometimes called the natural domain.""  ---  **Question 10: A function defined by different formulas on different parts of its domain is a:**  The answer is **Piecewise-defined function**  The context mentions ""piecewise-defined function"" in the discussion of functions, though specific details about this type are limited in the provided material.  ---  **Question 14: The domain of a rational function f(x) = P(x)/Q(x) is all x such that:**  The answer is **Q(x) ≠ 0**  From the context: ""the domain of a rational function, which are functions that represent the set of $x$ such that $Q(x) \neq 0$"" (where $P(x)$ and $Q(x)$ are polynomials).  ---  For the remaining questions (2, 9, 11, 12, 13, 15, 16, and 17), I cannot provide accurate answers based on the context provided, as they either contain insufficient information or are not directly addressed in the given material."
2026-07-21 12:20:24,calculus1,"For a polynomial function of degree n, what determines the end behavior as x → ∞?   The constant term  The sum of all coefficients  The leading coefficient and whether n is even or odd  The number of zeros",48,"Based on the context provided, **the leading coefficient and whether n is even or odd** determines the end behavior as $x \to \infty$ for a polynomial function of degree $n$.  The context explicitly states:  > ""For a polynomial function $p(x)$ where $p(x) = a_n x^n + a_{n-1} x^{n-1} + \cdots + a_1 x + a_0$, the end behavior is determined by the leading term $a_n x^n$.""  And further:  > ""The leading term of the polynomial determines the end behavior.""  The context also provides specific examples showing how both the leading coefficient ($a_n$) and the degree ($n$) matter:  - For a **quadratic function** $f(x) = ax^2 + bx + c$: If $a > 0$, the parabola opens upward; if $a < 0$, it opens downward.  - For a **cubic function** $f(x) = ax^3 + bx^2 + cx + d$: If $a > 0$, then $f(x) \to \infty$ as $x \to \infty$ and $f(x) \to -\infty$ as $x \to -\infty$. If $a < 0$, the opposite is true.  Therefore, the sign and value of the **leading coefficient** combined with whether the **degree is even or odd** determines the end behavior of a polynomial function."
2026-07-21 12:20:43,calculus1,"If a function f is periodic with period P, then f(x + P) is equal to:   f(x)  f(x) + P  P × f(x)  f(x) / P 17 Which of the following is true for the function f(x) = x^(1/n) when n is even?   The domain is all real numbers.  The function is odd.  The domain is [0, ∞).  The graph is symmetric about the origin.",46,"Based on the context provided, I can answer the second question about $f(x) = x^{1/n}$ when $n$ is even.  **For the function $f(x) = x^{1/n}$ when $n$ is even:**  The correct answer is: **The domain is $[0, \infty)$.**  According to the context, when discussing root functions and algebraic functions:  > ""If $n$ is even, the domain of $f(x) = x^{1/n}$ is $[0, \infty)$""  This is shown in Figure 1.21(a) in the context material.  The reasoning is that when $n$ is even, we are taking an even root (like a square root when $n=2$). Even roots of negative numbers are not real numbers, so we can only accept nonnegative inputs. Therefore, the domain is restricted to $[0, \infty)$.  ---  **Regarding the first question about periodic functions:**  Sorry, there is no information based on what I was trained on. I cannot find an answer related to this. The context provided does not contain a definition or explanation of periodic functions."
